Blackwell Online	0201853949	The Art of Computer Programming	Donald E. Knuth
Stratford Books	0201853949	ART OF COMPUTER PROGRAMMING FASCICLE 3 GENERATING ALL COMBINATIONS AND PARTITIONS	KNUTH, DONALD E.
The Book Depository	0201853949	Art of Computer Programming: v. 4	Donald E Knuth
Englishbookservice.com GTI GmbH	0201853949	Art of Computer Programming, The: Generating All Combinations and Partitions	Knuth, Donald E.
Revaluation Books	0201853949	The art Of Computer Programming, Fascicle 3 Generating All Combinations And Partitions	Knuth, Donald E.
Papamedia.com	0201853949	The Art of Computer Programming, Volume 4, Fascicle 3 : Generating All Combinations and Partitions (Art of Computer Programming)	Donald E. Knuth
FREE U.S. AIR SHIPPING @ thebookcompany	0201853949	The Art Of Computer Programming Fascicle 3 : Generating All Combinations And Partitions - V. 4	Knuth, Donald E.
Bobs Books	0201853949	The Art of Computer Programming, Volume 4, Fascicle 3: Generating All Combinations and Partitions	KNUTH, DONALD E.
A1Books	0201853949	The Art of Computer Programming, Volume 4, Fascicle 3: Generating All Combinations and Partitions	Knuth, Donald E.
Revaluation Books	0201853949	Art of Computer Programming Volume 4 Fascicle 3 The:Generating AllCombinations and Partitions	Knuth, Donald E.
ben artoge bookstore	0321263189	Artificial Intelligence : Structures and Strategies for Complex Problem Solving (5th Edition)	George Luger
Govind Garg	0201648660	Artificial Intelligence: Structures and Strategies for Complex Problem-Solving	George F. Luger
Economy Books	0201648660	Artificial Intelligence: Structures and Strategies for Complex Problem Solving	Luger, George F.
allenac	0201648660	Artificial Intelligence: Structures and Strategies for Complex Problem Solving	George F. Luger
eCampus.com	0201648660	Artificial Intelligence: Structures and Strategies for Complex Problem Solving	Luger, George F.
HTBOOK	0201648660	Artificial Intelligence: Structures and Strategies for Complex Problem-Solving	George Luger, George F. Luger
Papamedia.com	0201398559	3D Computer Graphics (3rd Edition)	Alan H. Watt
Englishbookservice.com GTI GmbH	0201398559	3D Computer Graphics	Watt, Alan H.
Revaluation Books	0201398559	3D Computer Graphics	Watt, Alan H.
Mellon's Books	0201398559	3D COMPUTER GRAPHICS	WATT, ALAN H.
TheBookCom	0201398559	3d Computer Graphics	Watt, Alan H.
Orbidoo.de	0201398559	3D Computer Graphics, w. CD-ROM	Alan Watt
Versandantiquariat Robert A. Mueller	0201398559	3D Computer Graphics.	Watt, Alan
Morgenstundt Buch & Kunst	0201398559	3D Computer Graphics	Watt, Alan H.
Mandala Books	0201704471	Human-Computer Interaction in the New Millennium	Carroll, John M.
AAAbooks4u	0201704471	Human-Computer Interaction in the New Millennium	Carroll, John
Indoo.com	0201704471	Human-Computer Interaction in the New Millennium	Carroll, John M.
A1Books	0201704471	Human-Computer Interaction in the New Millennium	Carroll, John M.
textbookxdotcom	0201704471	Human-Computer Interaction in the New Millennium	John M. Carroll
Paperbackshop-US	0201704471	Human-Computer Interaction in the New Millennium	Carroll, John M. (Edt)
Caiman	0201704471	HUMAN COMPUTER INTERACTION IN	Carroll, John M.
A1Books	0201704471	Human-Computer Interaction in the New Millennium	Carroll, John M.
Revaluation Books	0201704471	Human-Computer Interaction in the New Millennium	Carroll, John M. (EDT)